,X1,X2,X3
0,-0.44064625672471047,-0.3902267108839649,0.1567183896240946
1,-3.8100986789335742,-1.3046649958725176,-1.105117431928253
2,-1.4254512762528475,-0.3400488612304806,1.1159077837971867
3,-1.325749603810731,0.1619055838614624,-0.25466998711442135
4,3.120262764824237,1.4873433726124945,-1.1648386601134273
5,-3.462721088323765,-0.9861044749679534,-0.383416153157024
6,-0.3531948125883654,-0.0866300903317204,-0.6316407743434663
7,-1.612042661212914,-1.0425333285248888,0.9158452780090275
8,-2.1199228052925863,-1.0306191275000343,0.02793173938746155
9,-0.5201062582229042,-0.6625956609270701,1.2952976638610982
10,-1.0200593019460813,-0.4197624171976999,0.5625052104339443
11,4.2677767973829095,1.5322808529630232,-3.3482737575961155
12,0.6211832813729053,0.4255556173491853,0.7663075010664506
13,4.468825908163462,2.203713690028914,1.2877859128124594
14,2.020259032889203,1.1553133301448892,-0.8558998703226656
15,3.610378612194739,1.46437436565544,1.5747046859992269
16,-0.19197139788815865,0.4050568673068246,-0.5200074542750885
17,1.305122535235577,0.4965879921318163,1.240654176981025
18,-0.4541305119803477,-0.20312971297473456,-1.638513212795428
19,-0.8017462015405703,0.31545093964794535,0.34947163454251007
20,2.382554917752706,0.7950324031401301,-0.22366836123815712
21,1.9894815001197177,1.230978712933318,0.679502878497709
22,-1.9557268908209782,-0.30187255736166463,-1.310500002986665
23,-0.101253047639008,0.06497885523616166,-0.860867974766204
24,-2.709511297380006,-1.6462757347767163,0.5330342106661294
25,-1.6701848393709393,-0.5180644905314685,0.3658721831121994
26,0.4169076148187394,0.1750955475994345,1.4720679175748335
27,-3.244677573058022,-0.8737289137482279,1.1637100333500252
28,1.6323640867798566,0.3836657472268127,-0.2451168965222189
29,0.614093986446347,0.6112690147322917,0.6334282845343938
30,0.28650962986985007,0.30313216073359345,0.9811541387701409
31,-2.585198854417157,-1.4763178243763901,0.46601373801160206
32,-2.2847121216447066,-0.9239702742730822,0.024521126751141837
33,-0.33788414920288934,0.11138783490246505,-0.43849764090449844
34,-0.6209521981472209,-0.06492196147254027,-0.12518626795863716
35,-4.069979179328684,-1.9620147037162765,0.00795328764134328
36,1.5370265290210237,0.6146626866780369,1.092596357350534
37,-1.7071288497047223,-0.5689196080063318,0.1114441471438151
38,1.5998037395398765,0.6785281654358426,1.141082550450683
39,0.8628562202662762,0.26215088641912726,1.7607874901027265
40,2.963366868192152,1.3868374685682008,2.9605680728632997
41,-1.3919147022447325,-0.5097333241538031,0.3946163714304452
42,-1.2464601409838143,-0.38139789410312464,-0.36990290901530654
43,-0.6355654000126745,-1.1055612457952049,-0.38884597153036615
44,-0.9699954536809692,-0.26531123771639625,-0.07838182724704364
45,0.07744316781827842,0.30714083803125436,-0.4168504398146226
46,-1.1420241176703754,-0.3709054092350686,0.447523593631448
47,-0.47769715513728994,-0.49405333293160847,-0.8539777269469676
48,0.16121339431252601,0.11451079976656035,-0.5988858766834755
49,0.61601175963451,0.5276222584110151,-1.1386166705165228
50,0.3108158042777882,-0.8878467223528246,-1.2137767598870712
51,-0.8874526751733776,-0.1790205672923564,0.018022866769338
52,-2.4915123733181486,-0.8843671500445264,-0.3404567680662547
53,-3.783462955270892,-2.0286906448735778,-0.011764639222019565
54,0.19777412172005732,-0.23290632521684126,-2.340900421092694
55,-3.5544403938494074,-1.4919460515909597,0.26719315999881527
56,0.6965225491898135,-0.35813204887000405,-1.0311578128047274
57,-0.17475106676764562,-0.34220583253949155,-0.35871454445038603
58,-1.135487361504517,-0.24019184464512044,0.8786809426692764
59,1.770458524868025,1.6788718395103037,-0.5621315421230079
60,3.455879065043647,0.6294595914248264,0.8495317765820948
61,-3.0392651044295027,-1.3578015378603423,1.6976824219855384
62,-3.2409314210640376,-1.0781218013911824,0.10658386401369174
63,-1.6883774112721928,-0.46902119579049106,0.44540659353677303
64,-1.1411131690230367,-0.548581799891414,0.44651474826906723
65,-5.845771427689765,-2.3524343421351244,1.7029842924650505
66,1.3436262865334831,0.04007548838741402,-1.6760556805908242
67,-1.464248252496268,-0.7948923230339122,-0.7628277062333306
68,-3.4287089797449166,-0.8725801293592067,-1.0206103862184939
69,-3.008642212281535,-1.2693930147236039,0.6327609592238825
70,1.5671609865867584,1.4713467899473773,1.4445334191409114
71,-0.6441459337521678,-0.6639328454513808,-0.3865003068362701
72,2.016045264333456,0.7616169375964029,1.124279179293492
73,0.2868339637520081,0.05797428499916398,1.6870309735225757
74,0.966738147305951,-0.29407861269425767,1.2986527898982638
75,-0.28802247610145515,-0.44070729700601213,-0.5970306068995063
76,-2.0255014116286625,-0.666692971756521,-1.1710668978449343
77,-1.1830783033920649,-1.3922512924193502,-0.20541204651827466
78,0.4137912275519054,0.25597476341094916,-1.5600971368829972
79,-2.070295982069783,-1.310880126221479,-0.7382170768760977
80,2.03707621746867,0.00012572114182169696,-0.22755294607820994
81,1.8178197892196644,0.40889759385430285,-1.3646344189646153
82,-2.2387853645496296,-0.9977949173212866,0.17703017550103384
83,-0.4205121225017714,-0.6288775842393862,-1.1410798094023906
84,1.7509621909410067,0.8833573833320484,0.026536687408235615
85,-0.934443983036605,0.3525063499045841,1.059916105079381
86,-2.4176387964545754,-1.5969174930872863,-2.215183695529303
87,0.20541957246724918,0.043785723734817074,0.5920162459109414
88,-1.0431721291667957,-1.704863103691714,-0.3534235336379617
89,-1.048316238531053,-0.6122992559011708,0.22845152546616534
90,-0.5038712325786385,-0.36029175791274487,-0.7510901310105175
91,-2.235818981338381,-0.46984909466711083,0.6085526293400545
92,1.165157078172905,0.4585180625818298,0.8168859334057242
93,-0.32728011224650466,0.47409067434688695,0.3185074354030281
94,-2.259863984603315,-0.7464201235936274,0.5639750575622928
95,-1.9260442712591423,-0.8047000882984757,1.105685016483586
96,2.91372229990647,1.8146092460910592,-0.51710269256941
97,-0.45468184771755654,-0.4355465529238235,1.2914538311748511
98,1.3954336406549221,0.33378061903872275,0.31898964297046534
99,-1.342428258693153,-0.39771617111350493,0.04319258270488458
100,1.9327203997743836,0.87439693565268,-0.5502756431999004
101,0.5948904957605905,0.5257415478406648,-1.967597642768265
102,-3.3510903326409025,-1.3672304400138653,-0.4218270752524165
103,-1.6655595089981647,-0.8426289196499002,1.1978672046583598
104,3.0012985055191552,1.7692861097791992,-0.5456940147761733
105,1.1535322619314756,0.8020990186857758,1.6843095562934938
106,-0.6700513465174542,-0.08800079178832548,-0.3811391457014028
107,-0.6346877225968246,-0.6215827079270869,0.28286928545530676
108,1.4340130955510866,1.2176329839020796,-0.12779397814266444
109,0.6454411006052867,-0.20174900462865722,1.2460267432282763
110,-3.6080562657748727,-1.5989659941263974,1.6378371114280172
111,0.7042788748198576,0.6654187055214902,0.2470642233120939
112,4.6684907990170075,1.718113487344772,0.23755075050668356
113,1.476310966015141,1.0653463071948646,0.835812954095636
114,4.626878548780065,2.0009870470103515,-0.7216834471937609
115,0.7664960929542903,0.3374775849238536,-0.2899415771769152
116,-1.5712610781974252,-1.3134207318486317,0.56461662052357
117,-1.394455246373495,-0.3130535333273468,0.7123617969521943
118,1.2364640637305508,1.0549772694104405,-0.6379379277093787
119,0.735924606866647,0.46348134411137687,-1.0325428906165166
120,1.3780643020708885,0.8043406754931293,1.9265094212367107
121,0.4761598448355001,-0.39784014766580106,0.11764544368574455
122,-0.5119431883808906,-0.3190058608684057,-0.5041099372456872
123,2.536230919162768,1.2392328396384795,-0.892798775674935
124,-0.2396484463850663,-0.121360827482131,1.1186540336044446
125,0.827115146668398,0.9083046458398782,-0.50925985083354
126,-0.4288254757826037,-0.0437334841086356,-0.5331029117507329
127,0.6352056044663672,0.6138703779360746,1.0984792271837431
128,1.308411921953685,0.41372484085732786,-0.7054974767052268
129,1.1967070635880992,1.3228978228780404,0.8117875610524464
130,0.5323688593343614,1.2613355124543582,-0.506586986370979
131,0.47426207633674644,0.800550210748928,-1.2020501570694677
132,0.5222348474634284,0.30633470953109027,0.7227623806098645
133,3.3849955868373427,1.802445666699724,1.601263395831681
134,-3.2791931371733325,-1.468462846676392,-1.520237633817968
135,-0.9980841967514676,-0.11522679796831643,0.424829904302373
136,1.2406429904440952,1.36690860775704,-0.08061185558671745
137,0.3656911069670037,0.878712529874396,0.6648766994782592
138,-4.250360194113138,-1.47689360566342,-0.9228589454278432
139,-0.10418412512356387,-0.14769231336542504,-1.3885637211621684
140,2.0216529084838437,0.4823010528833891,-0.8547172930601205
141,3.0799672852690514,1.1382956888860907,-0.206634308366556
142,-1.6149526733825803,-1.0633816593409378,0.008526585605722906
143,6.148874576203905,3.065634997901247,1.3551638128774646
144,-1.5710254859023498,-0.09387686277198985,0.19717024867914074
145,-0.35970901184392706,-0.34789999688868123,0.5206594251702937
146,3.09324821388146,0.7422594790580805,-0.609029097908054
147,0.7253944572611086,0.6162137818705316,0.23921787926464513
148,0.2803526499076623,0.1638712807870171,-1.235694804022181
149,-2.935029902148506,-1.5840013039010348,-2.122849459654549
150,-5.541449642344144,-1.8482897481492473,-0.07619791995969782
151,-0.3224475724506979,0.0879963817342926,-1.053662923694107
152,-0.9749071142153686,-0.02103431128260948,-0.13988010936888393
153,2.180937476491301,0.44945738009413017,0.8114862509713153
154,-0.591582633336412,-0.7976853624014456,0.10082985624728576
155,0.5622913678655517,0.14424902192519723,-0.4171242825351821
156,-1.050704125158194,0.07950301315920735,-0.8643624920241288
157,0.7385375185654157,0.1988660931277056,-0.6642774294944203
158,2.923006803574603,1.7583641652282263,-0.7389394698532051
159,-0.5108636000171525,-0.15485168028985716,0.609038038671075
160,0.9397116680656207,0.6122725204412953,1.8611845950990462
161,-3.556699135894276,-1.4234288775176989,0.08236013602541553
162,-0.5560414339467002,-0.2686482321753628,0.38349468174946005
163,0.6280072921755724,0.07645070039046095,-0.8204134099371104
164,-1.51148744089185,-0.34895714724502064,1.4053950195400597
165,1.0015603984584986,0.2740739033285494,1.5467722916003377
166,-1.9772545932064407,-0.5068565780537481,0.2993137061343536
167,0.10247284765701042,-0.23904411184005045,0.5872893327182103
168,-1.4557190571875005,-0.6248323422524216,0.9731099311355635
169,1.871617793173132,1.2646467695804011,1.003105216596375
170,3.2206974558160457,0.5148852633346392,2.450253349582617
171,1.9464654252411482,0.8889581012563196,1.425723221137118
172,-2.1382441861361254,-1.2720862904780397,-0.4540513128985073
173,-1.1712489476182801,-0.6668696889658525,0.20850153100323976
174,-2.3072825718195653,-1.4244024000569664,1.4043784987114716
175,-2.086102239285514,-1.282507972769895,-0.8482880718244029
176,1.0347886470807126,-0.07970046789753964,1.3970416538805932
177,-1.3841378056751492,-1.0174828891996655,-1.197345491608089
178,-0.40363830000145207,0.039457175314421326,0.7822857973576622
179,-0.1309853345722506,-0.465204553713126,-1.785913693861124
180,0.003200126126383651,0.37687077431305727,0.4046827300624445
181,2.125849501548851,0.602592390140929,1.515767225280133
182,0.46928847500893855,0.9663833250671378,-0.4189341402264549
183,-1.7132578521274389,-0.46739968375522417,0.9496739919572368
184,-0.5548849142918384,-1.2763284817701526,0.6795619082629797
185,0.4716785694899217,1.63138885059485,-0.7443500805467775
186,4.7178140555268495,1.9447893055572303,-1.393292010927371
187,-0.011507552661417675,-0.4519900230710012,0.9321743125981672
188,-0.8601073949924496,-1.055441163721164,1.529656907338125
189,-2.2202354787808645,-1.246930589917137,-0.08409202102057022
190,2.973253851187875,1.6908346614282888,1.2965984642598232
191,4.175744457358225,2.3335132292054532,-1.6492410503080517
192,0.09797507712016873,0.37269497806378316,0.9468874785916684
193,4.023319014542775,1.8899785403753873,-0.518078697584997
194,2.5318109641711732,0.35670653024450805,-0.5268867759716369
195,0.286012946574727,0.06288894396370932,0.3844237865443775
196,1.5144678695578009,-0.24496563935076518,0.7909266576959663
197,-2.0571682362404236,-1.280528439803397,0.22849572881371205
198,1.2182215696827503,0.4263072703929829,0.8154913436750193
199,-1.492197960787523,-0.602001424604954,2.383744319695878
200,3.3513811829481135,1.8292618559493845,-0.69009946816382
201,0.1849092325181786,0.2832462911594824,0.020259364849205548
202,-2.173483585378384,-1.0657801180511408,-0.17002044197471533
203,1.3175715587352617,0.788248809624032,-0.43439933212307474
204,-3.135773055411754,-1.4399329820917572,-0.2184144519384603
205,1.8080006028838476,1.2802475503583164,-1.6865538149484256
206,0.06384213876789391,-0.41815808135271215,0.5586477131032815
207,0.01651577045547492,0.16426983205195658,-0.734357328524127
208,0.7911959717543815,0.429446652602226,-0.7662663662219451
209,0.2871396960708067,0.5073491968363472,-0.7635515582855338
210,-1.5617643874803355,-0.6643607031410593,-0.09593348384327931
211,-3.2699522487391994,-0.874680197073932,-0.5731548516488625
212,0.15999875123584878,0.1198320756647203,1.1233151424231649
213,-0.21715866213272028,-0.4080854024774966,0.06884695391232529
214,-0.5806235767449891,0.11602618562002177,0.1905748998822512
215,3.228593356194922,1.3528282844634334,0.056800268773499814
216,1.3591078688009024,0.13207621190212526,-1.2882448718182093
217,-1.4942387476601515,-0.5697581758886046,-0.6258354717016847
218,-0.9420557333780398,-0.04518483518437012,0.5298565454335784
219,0.7743398034842514,0.18315271166032607,0.4212222857399816
220,2.4059449146859344,0.30350676380469044,-0.8636129748753748
221,-3.4621632346622664,-1.718406536878944,0.1071600432705938
222,-0.89837684727079,-0.08490034041420493,0.03203815656324168
223,1.868427318552689,1.7549050732488076,0.017255462547966765
224,-4.323902828943947,-1.4226373232302931,0.4561393122167437
225,-0.5431462540269688,-0.5013684540856267,0.1949555987023112
226,-0.2854575023644131,-0.09733468880676319,-0.4510182635673438
227,2.0651919986818696,0.8440701207643053,2.280404457422761
228,2.400667631305521,1.9063988931016076,-0.08161580398495741
229,4.687977873239368,1.7392410125738151,-0.8648791841808869
230,0.9052319979520498,0.18820222640169243,0.42127294997620346
231,-1.8419606619482094,-0.6098876202624852,-0.5324675454369525
232,-0.03183012041522204,0.7763131331748211,0.17528067316439477
233,-0.45123932887745155,-0.3064020771870609,-1.8100648040159004
234,-1.0762978857413623,-0.501433277325246,0.09321308055039808
235,1.2193524997213847,-0.015165391950690091,-0.3361920089709235
236,-0.27013637776459654,0.39342418680416885,1.4098790836263289
237,-0.9319485356008937,-0.8143480817249009,-0.4879183979165976
238,1.0732906120956218,1.0020352973504727,-1.9140195569161709
239,4.573440984661094,1.9630343812571507,1.4319653291625511
240,1.8563715731856072,0.7552056514390066,-1.03137560386469
241,1.3035592155817888,0.8409697711026469,-1.0263671742000298
242,-3.0323460874061983,-0.598945767390808,0.6720187530945143
243,1.5683173927463487,0.4754194451450872,-0.9467885161493288
244,-1.606928537060571,-0.6247728445124123,-1.6519863199579439
245,3.871323911754221,1.2462809942756505,1.8635713545418249
246,0.26133671232920336,0.17957531673716623,0.6830046575483281
247,1.511182328292755,0.19446868772204984,-1.698675691664986
248,-1.6028625641017398,-0.1982410455423456,-1.293844163582381
249,-2.1406808160145783,-0.11321778625255127,0.9107238236148285
250,0.8684757715527122,0.8685597299841519,2.034017424470846
251,-2.5170998143032968,-0.8361682279323475,-0.5096506445427724
252,-0.364739129575268,0.02252704985677988,0.896544085877182
253,-0.37176992687798316,0.29522700128765655,0.5086839769930038
254,2.49769739282615,1.0622334052422286,0.8854956283608477
255,-0.20510255690475754,0.3865817560295418,-2.3356641938399787
256,-0.28822678717110034,0.10835079596232519,0.12744647746636129
257,-2.7208547106683802,-0.8279792117282041,-0.7707168650634513
258,-0.07958334042807733,0.08989281007848791,0.4536165340465621
259,-4.35651805923927,-1.1896700727752347,0.9806560113255367
260,1.7511630795520556,0.6040251294741266,0.017044935515716036
261,1.59937627090899,1.025552222179919,1.3561092348583579
262,0.6039502917161885,0.5483566958897969,-0.4579331603624048
263,0.2783985289273963,-0.050269030587450324,2.3695790766127027
264,-0.8297698603536556,0.5437213855542887,-3.1284926996481066
265,-1.230485836854085,-0.7466113368120952,0.9662324610752001
266,-0.686314590437108,0.5069274695755035,-0.006925697016501589
267,1.2330655374881039,0.928463213853529,1.7461029734615916
268,-0.45498967472575425,0.283678567671266,0.022948024481324044
269,-1.3518353496201765,0.2836793999397451,-0.7883802719987074
270,-4.156904820801258,-1.5045213744064236,0.6712523742518717
271,2.997860992865684,0.8163487343863886,0.18885763280865853
272,1.106768301447,1.067930718507141,-0.509923156756127
273,1.2320881914028234,-0.008642566099894977,-0.7416264678711819
274,0.6458497309425959,-0.20331886284099251,-0.1499883321252122
275,-2.453837980940334,-0.8945969485561588,-0.20965156215257533
276,1.2227572505403188,0.5467943595467337,0.7786775293343874
277,1.6002988970579963,-0.38816414975991576,-0.39062911017647484
278,1.1310422739483181,0.13903372784193738,-1.1688819715356276
279,2.308241931254315,0.7889582649037918,-1.1437820301129205
280,0.5300159620577979,-0.39630936661881183,-0.4761176405884617
281,-0.499196708754979,-0.09727576117146929,-1.2724637835023018
282,-0.8118587505362441,0.22675420671256502,-0.8414667468233489
283,1.3660085344196449,0.8773790224272412,-1.5769682648928747
284,1.501790026852389,0.2408358329834514,-0.2138099940161564
285,-1.4752803040290374,-0.6034176490691756,0.8442790802763586
286,-1.586791632979283,-0.2988679582670443,1.2209553588462898
287,-0.3855899899023343,0.4031777643403429,-0.33776672841860567
288,2.853647942695373,1.0530515599632473,0.8203703532505666
289,2.6710486566728253,1.084452578473859,-0.73800295988904
290,4.9427957282594175,1.9357937531578502,-1.756384638783702
291,-0.975972093320497,-1.1275773457381908,0.06110358704882368
292,3.329647959171279,0.9946014240322507,1.0567386533736804
293,0.03668969364735386,-0.4055745942383846,-1.4207435674877635
294,-1.703289948595629,-0.4897685546637594,-0.01724349181647581
295,0.6035729074545252,-0.011807052722404449,-0.4256147263326599
296,1.3410761124445103,0.6158876548405878,0.5711044057340747
297,1.3395996444616936,0.8819500229344704,2.043986535952962
298,2.2697778014941217,1.4558353288584187,2.823018179307577
299,-3.721154074905586,-1.0553058843771255,-1.6427794576570915
300,-2.664692749383539,-1.6827030627246433,-1.066072404608354
301,1.0095848055016459,0.675990698887521,1.3092508443021265
302,2.338536502392929,1.5619706833797062,-0.4412641605797362
303,-2.1096817727321087,-1.0788829833480538,0.5624445645535171
304,1.7089949568643883,0.7822255315150975,-1.7241928056288454
305,3.6053327167124922,1.65692269269762,0.21268084901080184
306,-0.7206060686738521,0.30070257238951853,0.6840229347803006
307,-3.30106568792313,-1.5724178965035822,-0.07201669721527824
308,2.2651021860817906,1.0678181984897834,-1.7190970466664859
309,-0.5739123182679832,0.29448274849842077,0.7677658818653881
310,-1.688563472100213,-1.0545733767160748,1.2006879065665674
311,-0.4651567687224498,-0.23604552007862487,-0.25100739263267136
312,-0.11392649519100506,-0.2605666041925349,2.913845811038511
313,-3.9050952888413724,-0.9676146218753505,0.5014543651250839
314,4.01176576747428,1.877480073475845,-0.6270544875834683
315,1.077972300332946,-0.16376556927137395,0.025531134728403994
316,-0.11071209074827304,0.013570933279537832,1.2816276083114626
317,0.9988958113761512,0.14637729140532504,0.6429417930609491
318,2.6082063003089493,1.33635226937045,0.6597532883918409
319,-0.8951976906354231,-0.9169008355972597,-0.8592076757029633
320,-0.06851721915835951,0.27504606731756137,1.0010995885710992
321,-0.2799888748772747,-0.02737147363723943,0.6178377392309864
322,-3.7585297623816123,-1.6874358627131467,0.5156238777882121
323,1.709874832085008,0.5719835755004032,-0.9235928263657923
324,-5.746963482102423,-2.290113261468507,1.135378258430721
325,-0.8394342472838445,-0.7382439176815382,-0.5694124843762947
326,1.0105254084200341,1.3890394867577343,-1.09898199551725
327,0.4039714482339163,-0.32749585457455854,-1.1553757614942564
328,-0.09806384977375178,-0.086526034209158,-0.37774686647178385
329,2.7411598628685723,1.8483171501425417,1.21170597776837
330,1.1512304002759461,0.657939078996783,0.1889645988878159
331,-1.3174813706149906,-0.021722397382799446,-0.17371867941367974
332,-0.8304549932083183,-0.2328669109692189,2.2440977599267433
333,1.3345583170442736,0.1406858026933978,0.19694227307185766
334,-2.386072879741298,-1.5507815071525326,1.5968074537901384
335,2.093145156690492,0.7218143933351033,0.4990607155403312
336,-0.4872377812356028,-1.2053862996324753,0.17663424615826315
337,0.0899304196242848,-0.06707261701164897,-1.5297714263107294
338,0.8639400328747542,0.8267940402646983,0.741310562360842
339,-1.9385338315826313,-0.8853352620085404,1.4840251325055305
340,-0.7573319718401845,-0.8839355483766763,0.812515714618086
341,2.3433440135347743,0.9537280471462216,-0.3135393678339479
342,0.23889199475678624,0.5104023589916462,-0.5856945933685495
343,-1.5076185434193423,-0.7412322294384286,2.6617815966045595
344,-0.8417546738595258,-0.9314228805158336,-1.024354392578857
345,-1.3073243996103883,-0.6318609318339704,-0.5736925106559733
346,1.2176182632130632,0.9090341392418789,0.3827889812913664
347,0.08530923011397706,0.5611811913896109,-0.14968150412924888
348,-1.4625783732652289,-0.37986404299880094,-1.461970586969047
349,4.481481726747166,2.0604162878783954,-0.05680689093152199
350,3.6512326966268605,1.7305287923997463,0.12760809420760597
351,-1.6458705544629235,-0.7388416255300646,-1.7953656242370413
352,-0.3749311062581615,-0.13042349203449163,0.8419448472620396
353,-3.0131085222637033,-0.9806695485347005,-1.717006307058264
354,-0.9560783281460017,0.0667691508083347,-1.0128206773042863
355,-2.826318618101191,-1.3443691121067933,0.2585698538256498
356,0.49679496021449976,0.5561648605530803,-0.27515496106229925
357,-0.5509424169988297,-0.2062336020988774,1.356826117347505
358,-3.394415897302673,-1.1859806634716619,-0.17050770705253557
359,2.104349348987008,1.1511047160079102,-0.1597185245325367
360,-0.8223149444303165,-0.6374005544639951,-0.3477267610781991
361,0.5819088628515672,0.38741755423895485,-1.2198332731342683
362,-0.9305294683229215,0.2855272676722084,-0.6278081200094424
363,2.1021637595019014,0.609274153280655,-2.178590948008703
364,0.17894330518053814,0.46541233130313964,0.5643477457380541
365,-3.2458346872551225,-0.8286177758945867,0.08506446822330428
366,-2.270532382255831,-1.4559667085469563,0.18464407074247452
367,-1.2837886511318986,0.2106319447126865,0.7702177982318715
368,2.3944645085630096,1.4494972495127711,-1.1939980430480435
369,-0.05108462604186409,0.24377648119055687,0.7221624321782953
370,1.3437074514711425,0.07782673521111234,0.8481904978003844
371,-3.296411858029331,-1.3422463241508762,0.8647957323582158
372,-3.684387779602658,-0.7016542780666281,0.27481728172913467
373,2.2638366590896513,0.49653750774050637,0.30572677218373134
374,1.5038132936244595,0.8651884854739876,-0.5518530944866773
375,4.076059131607115,1.2610659607402284,-0.9761777116545703
376,-4.680366428145193,-1.6141916962512841,0.0906016141138006
377,2.261148400436827,0.2798426848304457,0.07871814504580142
378,-0.3373378250175587,0.05947959444213086,0.22801079955169687
379,-3.766412499803047,-1.701082518308407,-0.9167658722604645
380,0.01294780698674447,0.2895846879866026,-0.02217669479025474
381,-0.4458112034908379,-1.1106635027001701,-1.9545512905184756
382,-1.8952773921238912,-0.29581080013969424,2.839280474002703
383,-0.2374422578211146,-0.9372751543661799,-0.06389478228203169
384,2.2365106261864964,0.6978883184901001,0.9552193167320101
385,0.21803482760637705,0.4846415078143297,-0.6189252336270354
386,2.9059063216644447,1.2926690521722255,0.9460975178877952
387,1.7296052027228068,0.8982657785984328,-0.7806165206880609
388,-0.6409495100789977,-0.4160174422879192,0.2933502326767746
389,-2.8109963423731745,-1.3801343589084492,2.1382060587435796
390,2.8560521554548464,0.41751378976897635,1.419390000242896
391,-1.3262899661230287,-0.2443028244767834,-0.759082232885722
392,1.2401278162737968,1.4680244055635325,-1.568573384362402
393,2.7622056984343337,1.170566160313738,0.25633791435850495
394,-1.2717944203902032,-0.27069945405081247,-0.33748936081210573
395,-0.6886284683876968,0.3497995881869525,0.2664883366311519
396,1.522862239260979,0.5087355939482685,1.0117393188141055
397,-0.16688925118089515,0.49462126177350435,0.4559339280174664
398,-1.7977402920867918,0.05146438337392361,0.7246256283308814
399,-2.834213194745883,-0.0043875406157393385,-1.9915364465730634
400,0.4231889449868843,0.5192253847542817,0.5077095385332233
401,-1.1969263671408625,-0.3355074760197479,0.9235882171508546
402,-1.874937605760222,-0.36718527407949975,-2.4292075545251652
403,-2.3644294667582613,-1.233116749858276,-0.19079686898940243
404,-2.3697945166604564,-1.454829811869175,0.3272042962010115
405,2.8242107470672826,1.0742290023595118,0.5287000130100851
406,1.8686336711837264,0.6776666243717039,0.22647515299488055
407,-0.1896806488655447,0.648213619987603,-1.236243115214575
408,-2.5254331029027104,-1.4605263541285967,0.17686444977468072
409,-0.00037661732718613505,0.21386222712996497,1.0190793141034595
410,1.6373836848909982,0.6909790360362323,-0.49573758305245025
411,-5.397544513590623,-1.5400608182416704,-1.0071675132242923
412,-3.053878395210352,-1.0545803745902596,-0.5075436546298076
413,-3.378658200163199,-1.3559332772906938,0.06152689184036943
414,1.314751815216771,0.7979552397291543,0.037499490564431796
415,-2.1292479013606056,-0.02608907902953168,-0.5321698021806123
416,1.7127039784591103,0.8918416411795969,-1.0270498178900946
417,5.380746289547072,2.1512776975574095,-0.8469610476155792
418,1.6137959527800398,1.059157203654663,-0.5064617684652031
419,3.0826339209339575,1.4155128360331357,-1.064921855532984
420,-1.4354416609833551,0.07145571646502204,0.539663428091738
421,4.273370462585999,1.7349812442764068,-0.09475640085970738
422,1.805306013235549,0.9695038510408985,0.42469475648189836
423,-0.28335255523294556,-0.04290721617995255,-1.0425066041266076
424,0.10568733488770798,-0.2763063674954159,-1.140291240859064
425,1.7866429655576246,0.6099373553032413,1.397032679211672
426,-2.213147134293442,-0.8849091639952613,2.2994958939556285
427,-3.5266874620488857,-1.435675615248374,-0.2843808496856318
428,-2.1610778395191437,-0.03240354117633327,0.8547384383528909
429,0.3741661199449299,0.5540884795494442,-0.8317067568389194
430,-1.1678427839455674,-1.3710685253752026,0.41398447219506884
431,0.05359358675851944,0.48027473632029777,-0.08006877376053192
432,-4.816826831139414,-2.140842149154259,-1.5072756397982359
433,-2.5234479950644966,-1.449344893621283,-0.022175923898758935
434,-2.1054339441465957,-1.3902147938443912,0.06121089925940787
435,1.968161889889871,0.5718425723736115,1.1881785424158815
436,0.9767402931518679,0.07091711655685641,0.5739567395149542
437,0.7492036688954686,-0.5347136520237926,0.6363417248436903
438,0.25479935576184864,0.1141104229890314,0.7357825012492051
439,4.468360662043291,2.122621940513943,0.7262026982860285
440,0.17113748995427325,0.4352147326791141,0.7777728687276787
441,0.4328923614380096,-0.6229097225906868,1.2007226216594846
442,-1.4721812484958146,-0.9285512971117635,0.8035860498294644
443,-0.5146038739646079,-0.38940927422389965,-0.8803520714501654
444,1.4803795182518655,-0.08427994703348164,-0.1949093982717442
445,-3.3419152969728243,-1.6321322056470424,-0.967736546676444
446,1.0530240240320758,1.1714521132926998,-0.3151044472542112
447,1.6863699068649358,0.5975258552438014,1.3565956378481396
448,3.129757991037328,1.4667540217116237,-0.907077230365228
449,6.992638826233386,2.9636080619593974,0.7792523718264134
450,0.04292435438533171,-0.4692850148491962,-1.5890433321232973
451,1.8401072793036224,0.8169668787487583,-0.3333380661433392
452,1.2142656948324666,0.056468871794854845,-1.49482926993532
453,-0.3453695991140625,-0.6446394357509995,0.7396185941764656
454,0.6010864053247136,-0.236149605060587,0.36084859983164674
455,0.2742938609429067,-0.24737539687922158,-0.7466966142503381
456,0.4359636724099751,0.3596480481888129,-0.6754353618968476
457,1.5111952713571788,0.8591937300388315,-0.1794571210846619
458,1.748282474295424,1.7993282163980633,0.08660419512289758
459,3.3899561054709864,1.7345881360013196,0.20707954155263328
460,-2.2486308878103856,-1.71264138825873,0.5769799101588213
461,-0.4843411724898846,0.13800091693088246,-1.2317808468275537
462,0.6379798354482127,-0.1401830097616578,0.5250751831200436
463,2.756497502597157,1.254965802433513,0.6886281178528548
464,2.1348458005080695,0.5563180781871658,-1.0700990781867257
465,2.288788247713848,0.5472325818523491,-0.3873878594510871
466,-2.2207245410511183,-1.1134613193426168,1.2844965489390874
467,-2.4766953628235036,-1.1372037256866145,-1.0093152150037752
468,3.1169982186696323,1.1156120273527315,-0.6956738293157919
469,-1.2648478947245725,-1.2786175137326334,-1.3615849352209144
470,1.9520754703655272,1.0808418261546142,-0.2814627397917834
471,-0.18618978458278912,-0.4254609617788259,-2.4419592348514825
472,0.22678582062441976,0.643229857203734,-1.0745241714065812
473,-0.09261786525409905,0.05589870943416158,-2.036893062488821
474,-1.8438175010209474,-0.17563062872270774,-0.45852719900530076
475,3.4692023410328217,1.235662665984951,0.8720056552298265
476,-2.76368595837654,-1.1355810547943956,-1.3437491698541082
477,-2.613823631051619,-0.5263815611329942,1.098028999035232
478,-2.1195835030618704,-1.1481025951980834,0.47839092932607763
479,-1.2948467203315193,-0.5336831591698077,1.6685380146132003
480,3.401678875243636,0.9671092412661194,-0.43393735792131377
481,-3.3393065244065845,-1.0334623204741538,-0.9678956285003402
482,1.8389442480896325,0.7356648446876214,-1.772598189388739
483,3.6124997459605233,1.766322860937159,-0.816829998143818
484,0.15034826405452073,0.17010258732345473,-0.4587915344663386
485,-2.302142856332647,-1.0691282460197704,-0.1942226570674116
486,-0.19159505079044992,0.33155043816882607,0.44426004356581034
487,-1.4334985999087295,-1.2996405504270545,0.6640854503742529
488,0.1686193251945124,-0.17816453844174712,-0.2936211115246983
489,-0.8931200817880309,0.19263617224108662,-0.8136623518146198
490,3.2675818094697746,1.6684978625038585,1.6024276671989113
491,6.157996064717003,2.559888380030232,-1.1541534594005411
492,1.6647655970740207,0.9161557064761269,-1.011514760508096
493,2.0031357973419732,-0.018551286742644252,-1.3940369489873747
494,-0.7411827863869773,0.16938862314823475,1.1553332789399127
495,0.3077212347365896,-0.17459498126190812,-0.8121789966601662
496,-1.6359012729707763,0.12343220639195722,0.7329994616215343
497,4.167870612120031,1.2073333080216007,1.4772711665547362
498,-0.7496295079862277,-0.3450604647884103,0.5473873438569399
499,-3.9626803481357165,-1.698843283114411,-1.41766263939299
500,0.8078616913381782,0.2541124479415113,2.1889645247910754
501,2.650468166030644,1.7240842525919993,1.4018187042661938
502,-1.801889972021409,-0.40298802563176056,-0.7194501822510525
503,4.2156737540062705,1.318856684302303,0.0995419423634235
504,-2.1576881015009874,-0.5261381965278535,-0.47050665428677396
505,1.5250997678690008,0.27522877773307797,0.10736172270105694
506,0.83890449068392,-0.2441329663580116,0.25282217916171257
507,-0.8986573499245316,-0.4193136389634014,-0.3271777008636141
508,4.016533848375289,1.1211784721645597,1.7677161585781378
509,0.26290799700468026,0.13216852616385125,-0.05708285701976172
510,2.01276050893971,0.8180812925237076,-1.7893755075066546
511,-0.297590252543974,0.03050284034300961,3.190230712041738
512,-2.059897571609775,-0.9203971136268887,0.4002372215124549
513,1.269097003034478,0.2560276010625095,1.6085844480030707
514,1.047931424983014,0.758184913495468,-1.4995612097901763
515,2.7799758951462348,1.563115545333422,1.5622597483881302
516,-1.5503658291179963,-1.2612523899653534,-0.6735582897361707
517,1.1217559390596796,0.3378719305017605,0.03330763170190468
518,0.4827713336584978,0.7791086895738801,-0.29409317655078876
519,-0.9688412702559859,-1.0724063779279438,1.4063294909286164
520,0.7255843175402391,0.39008627215374736,-0.9651464963798487
521,-2.300475958740668,-1.0096128355309195,-0.6971107316341962
522,-2.8245602589040097,-1.051809226990893,1.2560544652760979
523,1.929926520478098,0.8559412581024489,-0.4793738815059967
524,0.4688430295301801,0.3379153602517961,0.2015169985760874
525,-3.114311670841861,-0.5604710297723989,-0.7155491844933033
526,-3.4281314603200355,-1.3132851548292155,-0.3963723434770949
527,-1.3606106668792148,-0.40375264640076736,-0.7869884844974936
528,0.23911757025551128,0.7609203432852077,1.540682650038051
529,-0.05456654452581011,0.9679748376731726,-1.5254899855706316
530,-2.300121936994674,-0.7924790964492912,1.1866967085167122
531,-0.18573564184336275,-0.052383886234504295,-0.8578817512431904
532,2.1023909131331386,0.7947272813457141,-0.20270997741774996
533,-0.7229418142749504,-0.9378542520038509,-1.3054664870953334
534,0.1318166836652615,-0.23357773968173515,-0.6247791202509152
535,0.6875599381207124,0.4398000753246072,0.4731322824859083
536,-2.3164815549831688,-1.3747026939883913,0.5368019691850602
537,0.4209878374819854,0.20205190793619893,-1.5671700916757527
538,3.3785476348860826,0.8684037891512424,-0.4862343643267484
539,-3.444721994456136,-1.340771304554098,1.1038137515718376
540,-1.8723906561994605,-0.1722685307396188,-0.6309644032891383
541,0.9694027559431491,0.8285864675978942,-1.0670817418809802
542,0.6838734554440318,0.5051885119903121,-0.20949014103524696
543,1.7284180199340577,0.9395730340979773,-0.17854025734942533
544,3.682644863831567,1.3395971244397464,1.2464899073188165
545,-0.38267422472976587,-0.38872683925449186,0.2687004467323497
546,-0.24880032756793102,-0.5274450156556286,-0.3630659422902305
547,0.04538149281986231,0.23101729096385837,-1.594549933315528
548,5.457994552128415,2.416863565199234,2.5769936288827187
549,0.7704790151168998,0.658373432079783,-1.3156372480741279
550,-2.3217377512903843,-1.2547431976248902,0.9602285543555136
551,-0.48983604130099423,-0.5180865778466105,-0.4416171511924617
552,0.35593214667602435,1.5350314259895481,1.3136820330482049
553,-6.163466775438112,-2.190164456719222,0.85588232266414
554,-2.9544838540179286,-1.2806116199528066,0.2635869082229785
555,0.5707227505895132,-0.5880151720456502,-0.11303638243232557
556,4.121439986312796,1.6428346471917519,-1.102854041708437
557,0.8906921605002723,0.6343436290206386,-0.0932729979333014
558,0.8557292195086925,0.1325323459930668,-0.2282439312602166
559,3.6272208917278057,1.5208219383181993,0.11319747706968654
560,0.021526955866884134,0.45223004101398856,0.8182797168123427
561,-1.8193691330875907,-0.4594038893217961,0.9351359849194005
562,0.4691081562078332,0.49963387386053215,-0.28495474267287135
563,-0.3238820512272167,-0.4435317650792805,0.731027802636421
564,0.41406802830253964,-0.3333244147972005,1.2255571694786835
565,-0.7975891872545615,-1.0358690130415764,0.9050874249965006
566,-2.386052541532412,-0.9761659008079112,1.2506016621524565
567,3.4475219045938976,1.542377550342352,0.7001162247204769
568,-0.8349621048612811,-0.9135092239304822,0.6424037236326039
569,3.199958459534569,2.0095140101975884,-0.8931305582288707
570,-2.3907529113839807,0.32737357092902375,0.23083253921675917
571,3.8957583717042974,1.4002828636903708,0.389672501743508
572,-1.941678257144683,-1.2526645983334843,-1.0238232950499295
573,0.8195102934883823,-0.30310560568098205,-0.1168529433336711
574,4.42654880860938,2.1927100261993298,-0.8085618684864613
575,1.3259699582105067,-0.7202047844021975,0.3393362463701691
576,-3.1411034651729035,-1.0316165153488215,0.5922615135862885
577,0.7877350564668539,0.2471554480789615,-1.3228313499479432
578,5.8187935371196815,2.567681881538004,-0.5439698516440785
579,0.6065744462057532,0.22864621866214402,0.5110259824167336
580,-3.032137246798747,-1.02927575931898,-0.39021828632542643
581,1.0761595289436259,0.3879632063400451,0.6348119755446284
582,2.5613728649554925,1.9372107915125831,2.8569063232508523
583,-0.9475907011408906,-0.5450270213440604,0.6155941072057639
584,0.8616143484098268,0.809431559869026,-1.205868948197489
585,2.579396478079203,1.1495703984278982,-2.8106680882758943
586,4.241400841857452,1.6720687512485795,-0.9193187628288064
587,2.2952893854616203,0.7462932727568794,0.4936852919666374
588,0.8628675606331091,0.5850646429000685,0.09039541726358188
589,0.053675709098194746,0.4214214728945502,-0.6261337846680403
590,3.645867270441534,1.4388700634654874,0.2134866527854039
591,1.0585430103029079,0.826024795949815,0.12766513433679957
592,-0.9370556307132435,-0.3448356213162211,-1.0375508370543207
593,-2.9780573599585107,-1.523912136090067,0.9758469122680871
594,-1.1336725531179164,-0.44677618645794226,-0.3249322688210362
595,-2.1149343504027733,-0.7530044954759638,0.030716162686903054
596,-2.8114840737115436,-2.2743397567258965,-1.6195640858020186
597,-0.15777092755064537,-0.7588308379670132,0.36895461458551554
598,0.7759095011160175,0.5580348035278662,0.21186872725821826
599,-1.3942137933022776,-0.7234070032602397,0.7084040559068596
600,-1.7594943180030258,-0.2822420771607494,-0.9134355642780829
601,1.2991019327189641,0.47219454935043276,0.36338587863758676
602,1.7952175141532491,0.11291784845529569,1.4030693662337197
603,5.4556427215345344,1.9573600505121418,0.704845242116131
604,0.5480339842705945,-0.030114609488842058,-1.1159287464876553
605,-2.711050512442631,-0.72330645916166,-0.7799354648428445
606,-0.6363114535793306,-0.4056390614865759,0.43055687481061544
607,-2.0504929061778725,-1.0040809902084435,-0.14847271584538826
608,-0.9417836420983206,-0.27958830528885903,0.30735248681591476
609,3.0749585324319346,0.6934463244718275,0.6480739881468417
610,0.17778153657288737,-0.0006977925560817791,1.040171092020089
611,1.2819286964145258,0.5289063350926889,-2.41648285642763
612,1.4053002203958747,0.6607172838857205,0.9496033889190996
613,-2.5598272852186623,-0.5347538537618479,0.9456627860697816
614,-1.3159552282652527,-1.3488591933249214,1.158706665266957
615,-4.047831510014555,-1.045660221631723,-1.0537802490739057
616,2.890413293684375,1.7033728258360568,-0.12854839549691682
617,2.2393258736626582,1.4544854125092552,0.3076610627848242
618,0.7207364460895818,0.19917915113743676,-0.22705967366367222
619,-0.9543737729641942,-0.8317599679484123,1.9201014571629254
620,0.823209567371198,0.4481740813695714,-0.9742348750995786
621,-1.1030395809808458,-0.6681503113499427,0.5367318355536297
622,-3.7871220045011844,-1.8403072122182536,-0.12383798441465224
623,0.5080314268422064,-0.10246202744688022,0.010852843191532575
624,-1.7863402100982955,-0.7731016885146811,0.024137629690486186
625,2.361332980194328,1.0323218753503176,-0.21729248411821417
626,1.5259359565054422,1.3529807884724718,-0.5545167024791658
627,0.04621459376373162,0.043858461928372554,0.17585249228407668
628,2.4171143015615417,1.554061548774175,0.9963056622563543
629,0.05512851918453382,0.20230172179009231,1.6777311152615502
630,2.144032681268774,0.6885136567246264,0.1951763454813059
631,-2.178195661900819,-1.3042937364260425,-0.82933669163825
632,-1.2077823517471877,-1.4282189723517118,-0.4154887752890907
633,1.5956225419794374,1.0270827895116188,0.22653306277284704
634,0.7534526534649355,0.6479554807879035,0.7294064981238129
635,-2.1447675831158004,-0.6896628156411415,-0.4621156955012717
636,-0.22750471682283302,0.3316044354359018,-0.3287907374448098
637,-0.08877888390370725,-0.4309259362451074,-2.1188524418989174
638,-1.1917126130321842,-1.0581575833247316,1.130256143831313
639,3.0270632451398147,1.600702337751537,-1.1161628011241138
640,-1.628929530005952,-0.6749658149214041,-0.029405531465315504
641,0.34016344279949473,0.1856260154448798,1.4576061610530586
642,-4.073489535166962,-1.2897806764137807,0.933410674068412
643,2.662079035969213,1.0579621172362006,2.4988846709221924
644,-0.39787368033230563,-0.6826432678260758,2.806437975382045
645,0.7101362120767305,0.38388196346163794,-0.23257094809936094
646,-2.183797279712211,-0.8402803083819578,-0.9399419147951689
647,-0.14316757211785114,0.5733472039824321,0.37847439835715163
648,-3.049638953547184,-1.681874488130905,-1.14706556112154
649,-0.5072328676373294,-0.06350942246386072,1.1253681503047135
650,0.6882782085293075,0.9547096561762096,-0.5229852110392192
651,-2.495133651420315,-0.03701386782083121,2.0415211791491292
652,-3.177092161625307,-0.8729155175846832,0.5853803688145035
653,-1.0634557735547612,-0.6840249293949351,-0.5654448573994698
654,-2.325911809402154,-1.2679135637315782,-1.007277504580409
655,-2.943340838838015,-0.17684195766812932,2.713029107845192
656,-0.005000221146628903,-0.272061905325887,0.4295311745066609
657,0.003485384786910184,-0.23194405360218284,1.532967572720013
658,0.39861085377713146,0.6272932385962026,-1.2549616382331912
659,-4.906181526907886,-1.7075843110329643,1.145635371095784
660,-3.6114399296803565,-1.2715087395423195,-0.3575903820799197
661,1.1411335378892078,0.8545636354959402,-0.4305760034422276
662,1.1245290490475752,0.12658902238299263,-0.9909192262645183
663,-0.3049992094148966,-0.0026664268438552022,0.9802516979465298
664,2.3812184924590536,1.3367645742718708,-0.38774958718619884
665,1.71050695088675,0.8354080059979069,-0.23016622863340655
666,3.9959122399349924,1.3281437098959488,-0.05714839998122084
667,1.5399276847592336,0.6417261258377945,-0.8564253192158793
668,-0.5783893300325877,-0.15812532414829084,2.2948273488702697
669,-3.278620860675679,-0.5392051529377953,0.751194493810111
670,4.179103940379557,2.1166375751892006,-0.13929553535722128
671,-2.046938257143028,-0.22160817928381663,-0.47085613063226295
672,4.360452468406274,1.469247097264549,-0.9875409053234864
673,-0.7873666668954895,-0.15108061188262042,-1.1397974182194535
674,4.178478258136238,1.4698690405941364,-0.8950908640044634
675,-0.8721615370487505,-0.43112265625579277,-0.6725875699003335
676,-2.5335788305318605,-1.2633307481803178,0.4598233149845282
677,2.6737265950111513,1.4264962322621448,-0.7159618496662432
678,-1.4582151692572527,-0.48687196834989055,-0.2634157132154307
679,0.4747389425735238,-0.05754525530567471,0.13603374895932704
680,0.8139234701795219,1.0737970550003768,0.28541798612787783
681,-0.10706081076629023,-0.04920987405491239,-1.169793166178569
682,-1.886351666872864,-0.6725485277824416,-0.31502422214310066
683,0.6192796043761148,0.09970518917974971,-0.30608881881048466
684,-0.363626756808185,-0.0022259603195899425,2.723157515824305
685,0.45777325371818023,-0.5377451062758956,0.5518216898557134
686,1.8453862516299886,0.668616752360632,-1.1606567760096331
687,-0.39620232506904185,-0.8784796559354052,-1.3716654304813394
688,2.2371512230900352,0.9250524031085544,-0.8121689771477026
689,-2.5433946262613194,-0.8252377444924147,0.131488492136394
690,1.6484800774572708,0.8146057290760939,1.467838346611864
691,4.4581314429318315,0.8708720988652586,-1.9152024981126328
692,2.196621126562758,1.3567530417879574,-0.44002721666894995
693,3.182068508401722,1.3093007818781999,0.9999950331356064
694,-3.9977098786226968,-1.6258304557356684,-0.6855777635718185
695,-1.0111316260465224,-0.4735950428334111,-2.1076695574318016
696,0.8965205481645979,0.11185000592902282,0.14143327207500686
697,-1.6881949954842006,-1.2505315119997895,-0.8407760999548393
698,-4.263043870012758,-2.2645426197174383,1.12396740346181
699,-0.803807313900011,-0.18111972694358303,0.8211357579549503
700,-1.8880093152913249,-0.5086719614679861,-1.0126680465348117
701,-2.027406256826656,-0.4762411694359223,0.31669848820310725
702,-1.1833748923104799,-0.30986478171287096,-0.8568605927758143
703,-0.7206094979912507,-0.9495787749160716,0.10596225571581731
704,-1.2934805334145192,-0.023089360851082322,-0.7722692533131301
705,-0.6355498015287518,-0.7527889942106675,1.2949510673159195
706,2.7289467225469215,1.0443152523049064,0.3604971629807399
707,1.6107126711365929,0.4522209354034697,0.06973695140762548
708,-1.8431653200326374,-0.27032020132627965,0.5985613470499798
709,2.777932784075917,0.7262413820162213,1.6971195581235679
710,-2.1512944843292394,-0.9866445391779063,-0.2462665310525495
711,1.0646002526996794,0.5207329669678318,-0.8130353916613868
712,-0.5378657120208601,-1.0497152791930786,-0.6171253890552592
713,-2.0153971544945675,-0.5993828464703929,1.1961524139069013
714,1.0069670209329171,0.040541041324664094,-0.3797933426595865
715,0.4018143329648321,-0.10658480466529577,-0.5059138664964338
716,-0.6466209262158847,-0.08590408552717597,-0.2569373787129684
717,-1.2787292343085968,0.035415944622858,-0.35451022426594747
718,-2.7392524531725466,-1.1649156098332074,0.32526796058220386
719,0.32509346628855096,-0.5034702080043824,0.30893827386961087
720,-1.4281323890467874,-0.5056841211761521,0.4885308442264736
721,0.5624335241860177,0.4327927144056346,0.14715425740035906
722,1.270413108336295,1.0887327889119418,-0.3972538881281026
723,6.334953710673514,2.9841442125579407,-1.046224271849461
724,-0.7382396765337864,-0.16051418789395114,0.3896308040304457
725,-1.0906489518534215,0.050302994061697824,-0.31340440449524526
726,-4.57396057612965,-2.34752022184557,2.182456019581356
727,-0.032278542696246415,0.4434202301362007,0.021689202395246958
728,-3.10728871979282,-1.2030729294453937,1.0425872530895164
729,3.581165512851753,1.441430540970251,2.457610083792645
730,-3.063758212235008,-1.8955154599164217,0.20298544950934727
731,-1.7564502762658338,-0.8434898563477814,-0.1325336976816305
732,0.6988706744759154,0.8539979672228869,1.162271130139302
733,2.3935913008125436,1.496371336341954,-0.05150472714069873
734,-0.09690655403136095,-1.2074650172144674,2.573601075276852
735,5.174004187102607,1.826275611121554,1.2692750001752873
736,0.08760127222458966,-0.07273727673434464,1.1347259487485817
737,-0.9926817819889721,0.16507814818614913,-0.7648806302583204
738,0.24932085690526906,0.3848230199789621,-0.21902205616713782
739,-5.199148233204618,-1.7087545976261969,0.04014654381461492
740,-0.9560379191565529,-0.6607480544733494,-0.10013597191806875
741,1.6702029399575986,0.3114743517602899,1.1659784532572437
742,-2.143274097717864,-0.865696732226028,-0.12724452152294258
743,-0.2261305825972988,-0.5755877991989572,-1.2542415319828275
744,1.0865090759425438,0.13375605472406416,-0.5054008579871647
745,1.0404070770516705,0.726858183038171,-0.20348240153286828
746,0.018160459150257546,0.5341342104349791,-0.8021837911242392
747,-4.965438653338904,-2.121901562187926,-0.33636974881803117
748,1.3458799534495887,1.4625461973927028,0.689533442580685
749,-0.7685000536405866,-0.15139406503695246,-1.362391745311849
750,0.49814175035213026,0.4558007674504439,1.1413130134663347
751,1.1521394658366415,-0.904573150463941,0.6675163566872235
752,5.988094193748806,2.7276402617831517,-1.091717798901045
753,1.8572008023002347,-0.09841381239088656,-0.6397798515279344
754,-0.3378701199400107,0.5286762752945156,0.713239152639582
755,-1.6665657406035812,-0.7556919809733854,-1.5179273166922747
756,1.2347037179767517,0.4646041727716065,1.0296316460659989
757,0.8763822057364683,0.20372850600200676,0.3540340252437901
758,0.0770690286975968,-0.6187430260232399,2.316632550039454
759,-2.4084409132864515,-1.3637567284759287,0.7594257224741437
760,-1.7321902741969617,-0.6694633438594453,-0.260077098918917
761,-3.9970173023061846,-1.5460812847957657,0.5305466658153485
762,-3.749706252001118,-1.2999498214687994,-1.108609526400667
763,1.1471683112439566,0.19444602410096423,1.250512747554357
764,2.3170070684710806,0.9906125029565821,0.6484695879442778
765,-1.6678428525558642,-0.011829613264769433,0.5690820507313451
766,2.1472327732239957,0.4997551087126529,-0.6100063224754262
767,1.5717562881742042,0.13327501541247855,0.15441690067638936
768,1.8807394224963054,0.7884214760836237,1.0642255610983726
769,-1.054596563919009,-1.0378829929555773,1.2466856498073429
770,2.0126625851555655,0.9925353879268042,1.2783504976113769
771,-3.24323518229183,-1.3755411366771526,-0.11215173044450458
772,1.8229762427848784,1.6326274546734392,1.6110388502709962
773,1.7334314206125216,0.3510399018363795,1.07012079781015
774,-0.9485405621660943,-0.18566131974042313,2.2448833063582816
775,-4.2310806728340875,-1.0015308830866294,-0.6430720432879632
776,1.9750453671244612,0.8031374217701845,-0.2731271889191046
777,-0.5905305430499104,-0.6987189997259231,1.1475331208448678
778,-0.17992440274727028,-0.41056341552254283,0.67452275443837
779,0.8169115060004608,0.9765886795571671,-1.5096494802388156
780,0.09391625075558002,-0.21480855459918377,-0.7854971509433543
781,2.7295560036034145,0.8301835335179543,0.3539942642086405
782,-1.2751791938612231,-0.17959404950082808,0.030512407592398313
783,1.392757273726589,-0.04730014157774521,-0.46564315082081886
784,2.266772171255732,0.5645372432954358,-1.2510791849232539
785,1.114737981593749,0.42223191955222045,1.265795212513867
786,-1.21768913464876,-1.1139410119018827,-1.0893262045325063
787,1.3553524759737472,0.16572459627135774,-0.2213948452811791
788,-0.391093425028638,-0.06357142023480848,1.92861994115027
789,8.464936281438897,3.153684531722344,0.5091512917054551
790,-1.0201381158983596,-0.36781081302926505,-0.247499024518735
791,-0.43754777580648146,0.06670980027666554,-0.3258380555791686
792,2.817402821680564,1.960320798059721,0.2970810984559221
793,2.2390529859700647,0.5971878472165174,-0.14015674465507555
794,-0.42221075755282617,-0.18951825865231348,-1.8752020011833375
795,-1.863043409730757,-1.0619407474268725,-0.26837252848986154
796,-1.048873167593178,-0.48188163640539844,-1.5025112342370668
797,0.7003919128673819,1.020566092674443,-0.4657536669493319
798,-1.3788037521989815,-0.917772107508568,-0.5332968520769032
799,-1.3451169083776595,-0.6561008463096636,-0.6532012684025298
800,3.0837485543032335,0.9629164657791628,0.135593656493527
801,0.7528728720566427,-0.1977573575923538,-0.4193723671087247
802,2.363545281440886,1.3395505851018672,1.1886025404909786
803,0.5795330557582195,1.0150511818076182,0.7923460045305448
804,-2.0040483520135868,-1.135831965800038,0.04157756854979543
805,0.7357489097806917,0.2956639912863101,-0.3569677461089585
806,0.685473342673954,0.5115713371980566,1.1403654875772795
807,0.6209391283255714,0.20827439601622713,0.7200178458147423
808,-1.6165929607010758,0.2697148522651281,1.1990865051646602
809,0.03629458255602169,-0.2677538010390909,-0.06413141800493131
810,-0.33414855721306336,-0.7734470619121488,-0.9187459033338363
811,1.105195033601667,0.8317489479492879,-0.85767716802716
812,-1.524506424169412,0.73102659123689,1.487251645001308
813,2.721970931812778,1.1500889031118158,2.00224806064997
814,0.7928824565221094,0.8474178648975343,-0.8684459426637527
815,4.565897866254975,1.1928745697751457,1.3208716519716137
816,0.01425046369685401,-0.3643230906763954,-0.0794974729404595
817,1.2123624308710461,-0.039714214240371956,1.9646034625227213
818,0.5258353344680597,-0.07146249022491481,-0.8010106884015873
819,1.6852536703765781,1.3389088439015548,-1.251919134557051
820,-1.5939177071086625,-1.2177433242333773,-0.7302497431719942
821,-3.354980769974505,-1.0030724201361412,-0.1051089176636045
822,2.588253355449967,0.6214721226170273,-1.368515632427121
823,1.1198414062936584,0.7890987576687776,1.0418407097926903
824,0.14667248290415258,0.0034799049890814984,-0.08681890212327623
825,-1.9303229451612536,-0.393412966427998,-0.46206276409912084
826,1.0007006153466989,0.7229118580911994,-0.4408879037393625
827,-0.04805702103278353,-0.7388295388102678,-1.5809074616357517
828,-2.230828991318093,-1.1764175059761084,-3.0913406775120706
829,3.2051025579547887,0.6241067389366739,-0.49663389108279665
830,2.176470903945423,0.6516138624658895,1.4907624347121156
831,0.058943917543667894,-0.023104796475054774,1.0822194660572046
832,1.1937677824510882,1.2061947426185373,0.06040222914982845
833,1.8270953198604558,0.2582033933877084,0.019520969142462038
834,0.056662784937360544,-0.346700211692116,-0.40602817813408837
835,1.8317211959530755,0.6882771507142725,2.2512661962190346
836,-2.3993741188106137,-0.9394710196130872,1.2731560951547414
837,-0.9037022464824039,-0.5593695756676088,-0.5906558584390009
838,0.8195449369894812,0.3463315118636893,-1.141084192259091
839,-1.3168091464888185,-1.2226242729645267,-0.3962895239725288
840,-1.4880929730626407,-1.7910469736461707,-1.744739104821737
841,2.251863541135501,1.7964351450538543,1.68789621294158
842,0.8844583742968591,0.056033421544108335,-0.44934739404571716
843,-2.2594213045813616,-0.9662056463618167,-1.091746755104946
844,-3.729355294221489,-1.9438629576386248,-0.9477745980701864
845,0.8839114508295007,0.7075226252989429,-0.9897188651428467
846,2.376005539233664,0.9788419058019859,0.15017355738713817
847,1.228124359855089,-0.42747202332465006,1.4265670725857293
848,0.7992112210960811,0.17081772395933087,-1.087787203775107
849,4.4926739816841845,1.6861122050335815,0.35747722612400057
850,3.1218812196549526,1.487341316793294,0.8389072061100867
851,-1.9715037234696993,-0.8663322183595428,0.3714103289137126
852,0.05276221087087685,0.5113130409776452,0.5669552993012971
853,1.1302835578683967,0.28591312242859185,0.0973144845936256
854,-4.990480547895369,-1.958319349789267,0.7619702271286127
855,-1.2801316849539819,-0.37325547848529356,0.021780559001150283
856,-3.2177669318390643,-0.7298700302546602,0.047405105153876935
857,0.6749916405261946,0.26241818810534784,1.1163103699920214
858,-3.433430731662687,-1.6472342027684477,0.587029066697218
859,2.423750044696809,-0.06101017377838407,-2.098857695050269
860,-1.54376322451872,-0.6185115256646755,-0.5615901646533258
861,1.564284632262074,0.9923106042934322,1.0457783970791745
862,-3.2393402359999284,-0.36706862534165985,0.9595565183285368
863,-0.8149330139508584,-0.542075768233311,3.416091566346014
864,-1.7802862655233809,-1.3021732247576723,-2.7972599093412116
865,-4.2259402835499555,-2.349608160243825,-0.6932837814674185
866,-0.7910790741749509,-0.6668040856175458,-0.12187247538823386
867,-1.1811105334747622,-0.630839075447016,1.1915425444769656
868,-0.5880333425842157,-0.38094044383620723,-1.2654966269190742
869,2.5695502937959103,0.4624483007429488,0.1655063416560552
870,-0.1647865794150373,0.018461244804935332,1.1728827318825028
871,2.131266120213871,1.340599965121262,1.8996215542619188
872,-2.8558078293525817,-0.9688265882440755,0.8308579826161293
873,-3.28988616634871,-1.065702505695169,0.5516317714379638
874,2.3050566510798944,-0.05157761304741317,0.9188527654077184
875,-3.7855428880749673,-1.1531230781586326,-1.9581747836988024
876,3.8144563660646016,2.1048381616687215,-0.16429535094305225
877,-4.118925921698469,-1.5311258434944814,-0.7939354625877338
878,1.1855250756925946,0.33437748922084987,1.4415733655827208
879,3.672126996442898,1.6018910467859218,0.5699410967551798
880,-2.404473293455891,-0.5189295603795113,0.5005949304153073
881,-0.5612688927168796,-0.8748552187120152,-0.22340230477125467
882,3.1245933299432616,0.5874336223523077,1.4673465527543204
883,2.508070138768436,1.069691729951958,1.1265633453574508
884,-3.502455718247623,-1.755794333702695,-0.9780665885780528
885,0.9923423401052333,-0.23731688998819084,0.314743034897447
886,3.0010527069013664,1.403084649818531,1.095185161236565
887,0.6034647678845174,0.4323521349230763,-1.296996558137136
888,-0.20531834586280673,-0.2643097913513432,1.5400304896571977
889,1.9570474743113704,-0.21279077288640377,-1.1500945572135117
890,2.0971522567309178,0.7162507994570324,-1.9476440853748929
891,1.4413840145533747,0.5549144184379095,0.9049301450015121
892,-3.8653604751672184,-1.2785260026733638,-0.13893166937481938
893,3.007191136304007,1.4823669378646505,-0.7129533926643976
894,0.6807141907738062,0.0713333697009194,-1.405564026731257
895,-2.2845270758845806,-1.1565547866713286,0.830924392418978
896,-0.4585685082434966,-0.37913742834548697,1.2210028783338231
897,-2.2648923832834633,-0.259733512464554,-0.815167991631176
898,-3.921913237824149,-1.759001731273138,-0.007536581908616962
899,0.24478353260052987,0.7223498826165997,0.32058911317893213
900,-0.0374319059735812,-0.18995161346566472,-1.2696122709862054
901,-4.0956744634881375,-1.3566965636929615,-0.500202667695771
902,-2.543030305900036,-1.280578398471249,-0.33450604776337534
903,-1.074595121901029,-0.5196836173831983,1.2200135732722932
904,2.142899176591497,1.191810078105368,1.744141159175476
905,-1.1759846720105855,-0.2601711230072336,1.2663260762356945
906,-4.090165007782205,-1.6352336017528735,-0.45055691748296284
907,-0.7499418147467536,-0.2656205895358115,-0.6546562727673674
908,2.53887853338147,-0.07906780273494111,1.4315337299296536
909,0.6690392495132436,-0.028205929852817373,1.228954382578835
910,0.10088008890711098,0.4400357618723715,-0.04509397631996752
911,1.9047654525472555,1.1769042784007648,0.652292850636326
912,-5.872231532523695,-2.7030083181483575,0.6398353227077157
913,-1.6512406860403301,-1.5032701185606914,0.3917124172988266
914,1.5115646210350717,0.7366721924904739,-0.4068225872857689
915,-2.326791948958283,-0.9290993425486082,1.4793661963333953
916,0.8904291218635586,0.8206252201814163,-0.6006578624911802
917,-0.12902076621058622,0.16046869103341874,-0.02603290778657263
918,2.536038997851889,0.5887029587648048,-0.879518057005192
919,-2.193330921646396,-0.019894481517638646,-3.050355502497726
920,-1.5876701435974363,-0.5535753824954341,-1.1420882980922622
921,-1.0416842956720629,-0.18505880525741752,-0.21667536555475098
922,-1.6008219080630592,-0.5079292882678074,-0.36730088402037286
923,-1.7980865004028184,-1.0234433583722948,-0.7713316476646286
924,2.919041949741923,1.2909698294879177,3.8715093605350472
925,0.03133937978078705,0.6699595785616564,0.08876957248500912
926,4.318656202661724,1.4134389290377036,1.9323118314246621
927,1.9168666659323539,0.8852128622044475,0.48925737698635263
928,1.2124218904545776,0.25384577555841603,-0.5294990441013631
929,-2.774374512506203,-1.141328754663852,0.7879338248029057
930,-1.7669222875689687,-0.16090802177529964,-0.9303592349894201
931,1.3605260301770097,1.3066067820405813,1.1868207797928845
932,-0.13705449480257426,-1.0617888603757426,2.3139516743086577
933,5.1912553954868805,2.2581460482591718,1.4207537568852644
934,-1.0235911168505938,-0.2741542047170868,1.4121291805404206
935,3.4306173271826275,1.7491857152705308,-0.5137900436242941
936,0.008319252640842545,-0.4655581015667802,-1.1959028981231656
937,3.865320783521432,1.1213405643417964,0.408705442803559
938,-1.4987666478502302,-0.8500158942139113,0.6084300866550362
939,-3.7602536588109423,-1.5847067707579712,1.5064717258111586
940,1.5636088047584018,0.8452041180922664,0.6101444237626599
941,0.8895449693533662,-0.05759129172965675,-0.7057016405877453
942,1.2664409741602163,0.0674427215151552,-1.4857365863951948
943,0.47112179860495207,0.045983873703921534,-0.5781047038259145
944,2.122460289612248,1.324733526548707,0.8056658767832354
945,1.3804208880554214,0.40185231543399563,-0.6026443489077619
946,-2.420318440688014,-0.5853640277803057,0.7222364523139796
947,0.6409266930371603,0.5714800548221338,1.0115431317014354
948,3.3855720318065954,1.6688155097391288,-2.358812253678946
949,2.6704121132344563,0.5065411596102265,1.3723063709193193
950,3.5229136549857545,1.8647860456040621,0.44076632367317314
951,-1.946213288909979,-0.845718461459538,-0.06879950812018323
952,3.1883144157390895,1.4213528200978922,-0.5165513504754377
953,-1.3469556069924833,-0.9931289417305107,0.4531727631989494
954,-2.593970969611378,-1.3187272889875823,-2.5184236244358877
955,3.4790052562539318,1.23292840629287,0.5163167877605168
956,0.6597119004185775,0.05258824954384437,1.07777637354731
957,-0.04498751267464329,-0.6441862419548334,0.4351361306042612
958,4.12988019597585,1.615460404925245,-0.9833802877505244
959,1.4442738027247675,0.6181316004381159,1.5595933664337156
960,-0.9993390143848753,-1.3705916674954406,0.49814847846479465
961,3.188233846651186,1.9203736702223533,-0.8579880216891739
962,0.5864791910431706,0.2673661707741035,-0.34373930048648266
963,-2.5844084309227466,-1.1807962079618806,0.5360575024801516
964,-4.331352869110399,-1.6051039505913884,1.5494891804552162
965,0.6601687932886803,-0.01643958704680862,-0.24719604780883586
966,-0.7446998070882724,-0.27752239751946056,1.4762840975791627
967,-1.3672328528420592,-0.25484744459193603,-0.223364224059246
968,0.18356123714485373,-0.29797931329581184,-0.5731437736623374
969,-4.405611178043584,-2.3815156288555355,1.0776211126488855
970,-3.091616264996325,-1.651277215214753,-1.3465894575921806
971,-0.0756505632394292,0.32078923949977195,0.21907722727141357
972,-4.173929760013426,-1.881543149030318,-0.7830725910249864
973,-0.386354425136785,-0.20372275685618238,0.7316167805477389
974,1.3995813407121716,0.8084172902178876,0.7387880128739924
975,3.6082645005797707,1.1069402863251523,0.12504012436054376
976,-2.9366925137961126,-0.994814918995532,-1.5846136700269648
977,-0.7953621088694471,-0.4088934425500091,0.1683825217531238
978,0.7099235567941014,0.3332261828924396,-0.8591355466466062
979,4.002666683117508,2.143749285342701,-0.6704407287532771
980,1.2156817281978736,0.11253541406867817,0.05917025517553939
981,1.2101981151706465,0.10125812486307824,0.38977242377328064
982,-1.4708587911363664,-0.27011199296713356,-1.4184186772898886
983,1.8014281999719484,0.8658811914386388,-0.7912093150878257
984,-1.3129540067268102,-1.0153765513690938,0.34725813292746016
985,-3.234018629886121,-1.1101509741534097,0.2513515448757583
986,-1.9805257837894652,-1.2090363771709656,0.8729745965367025
987,-2.3060955800786447,-1.1897351421007478,0.3395175237035853
988,3.6687557728650897,1.9612987392407837,-0.15525813805303063
989,-0.2997108564843197,-0.2361432403422088,0.48950860453244704
990,-0.46952990299979547,-0.2676904995607275,0.6298882281044843
991,-1.134469760385646,-1.274990570478383,-1.3888828362418382
992,-0.39430278656480433,-0.5470124737378618,-1.0818406261214604
993,1.8156962290687253,0.48932672794277554,2.813519505596537
994,1.8155110828245125,0.2945679622214375,-1.4963899869298323
995,1.2816254247649421,-0.062023695118619084,-0.10923098130921899
996,-3.047557951858756,-1.1216748428392624,0.6784392436608833
997,-0.028757099106757444,-0.1917222973893021,1.1917902652004093
998,0.41526635437452253,0.3730862103785795,1.1726361850611264
999,3.1637827023942866,1.2966986027763403,1.402481337687347
